stationID,name,line,station_name_wiki,opened,lon,lat,neighbour
112,Waihuanlu,Line 1,Waihuanlu,28 December 1996[6],121.38849586,31.12298734,"[113, 2011]"
113,Lianhua Road,Line 1,Lianhua Road,28 December 1996[6],121.39828804,31.132883499,"[112, 114]"
114,Jinjiang Amusement Park,Line 1,Jinjiang Park,28 May 1993 (former) [7][8]12 December 1996 (current)[6],121.409494683,31.144053983,"[113, 2027]"
119,Hengshan Road,Line 1,Hengshan Road,10 April 1995[6][8],121.441944506,31.206619041,"[2025, 2017]"
124,Xinzha Road,Line 1,Xinzha Road,10 April 1995[6][8],121.463493379,31.24067856,"[2035, 2039]"
127,Zhongshan North Road,Line 1,North Zhongshan Road,28 December 2004[6],121.454688131,31.260741938,"[128, 2034]"
128,Yanchang Road,Line 1,Yanchang Road,28 December 2004[6],121.450712025,31.273307641,"[129, 127]"
129,Shanghai Circus City,Line 1,Shanghai Circus World,28 December 2004[6],121.447341668,31.281257251,"[128, 130]"
130,Wenshui Road,Line 1,Wenshui Road,28 December 2004[6],121.445587497,31.29447578,"[129, 131]"
131,Pengpu Xincun,Line 1,Pengpu Xincun,28 December 2004[6],121.444082899,31.30850675,"[130, 132]"
132,Gongkang Road,Line 1,Gongkang Road,28 December 2004[6],121.442452627,31.320858825,"[131, 133]"
133,Tonghe Xincun,Line 1,Tonghe Xincun,28 December 2004[6],121.436929642,31.332913486,"[132, 134]"
134,Hulan Road,Line 1,Hulan Road,28 December 2004[6],121.433106054,31.341600756,"[133, 135]"
135,Gongfu Xincun,Line 1,Gongfu Xincun,28 December 2004[6],121.429488802,31.356902294,"[136, 134]"
136,Bao'an Highway,Line 1,Bao'an Highway,29 December 2007[6],121.42634765,31.371233449,"[137, 135]"
137,West Youyi Road,Line 1,West Youyi Road,29 December 2007[6],121.423323482,31.382958896,"[136, 138]"
138,Fujin Road,Line 1,Fujin Road,29 December 2007[6],121.420030689,31.393999581,[137]
2011,Xinzhuang,Line 1,Xinzhuang,28 December 1996[6],121.380839538,31.112983939,"[112, 502]"
2017,Changshu Road,Line 1,Changshu Road,10 April 1995[6][8],121.446512851,31.215311025,"[2056, 2050, 2003, 119]"
2025,Xujiahui,Line 1,Xujiahui,28 May 1993[7][8],121.433617821,31.193882267,"[2051, 2029, 2003, 2037, 119, 1150]"
2027,Shanghai South Railway Station,Line 1,Shanghai South Railway Station,28 May 1993 (former)[7][8]30 October 2004 (current)[6],121.425368538,31.15649931,"[312, 114, 2038]"
2028,South Huangpi Road,Line 1,Site of the First CPC National Congress · South Huangpi Road,10 April 1995[6][8],121.468716902,31.224666072,"[2056, 2041, 2035, 2053]"
2029,Shanghai Indoor Stadium,Line 1,Shanghai Indoor Stadium,28 May 1993[7][8],121.431603228,31.183782631,"[2025, 2051, 2038]"
2034,Shanghai Railway Station,Line 1,Shanghai Railway Station,10 April 1995[6][8],121.451257271,31.249149419,"[2001, 127, 2030, 2039]"
2035,People's Square,Line 1,People's Square,10 April 1995[6][8],121.470457083,31.234865971,"[834, 2019, 2021, 2028, 2041, 124]"
2038,Caobao Road,Line 1,Caobao Road,28 May 1993[7][8],121.430310384,31.170171562,"[2048, 1226, 2027, 2029]"
2039,Hanzhong Road,Line 1,Hanzhong Road,10 April 1995[6][8],121.454089429,31.24375272,"[2021, 2034, 1331, 1333, 2041, 124]"
2056,South Shaanxi Road,Line 1,South Shaanxi Road,10 April 1995[6][8],121.455464091,31.21914496,"[2017, 2053, 2028, 2033, 2041, 1051]"
648,Gangcheng Road,Line 10,Gangcheng Road,26 December 2020[70],121.570374974,31.355142146,[647]
1018,Hangzhong Road,Line 10,Hangzhong Road,10 April 2010[68],121.350339687,31.167316837,[1019]
1019,Ziteng Road,Line 10,Ziteng Road,10 April 2010[68],121.360100502,31.171575037,"[1018, 1020]"
1020,Longbai Xincun,Line 10,Longbai Xincun,10 April 2010[68],121.365793331,31.179095825,"[1019, 1045]"
1043,Hongqiao Terminal 1,Line 10,Hongqiao Airport Terminal 1,30 November 2010[69],121.342591804,31.193518019,"[1044, 2013]"
1044,Shanghai Zoo,Line 10,Shanghai Zoo,30 November 2010[69],121.363529229,31.192230792,"[1043, 1045]"
1045,Longxi Road,Line 10,Longxi Road,10 April 2010[68],121.375244457,31.196193522,"[1044, 1046, 1020]"
1046,Shuicheng Road,Line 10,Shuicheng Road,10 April 2010[68],121.38734927,31.201321803,"[1045, 1047]"
1047,Yili Road,Line 10,Yili Road,10 April 2010[68],121.39921421,31.201064069,"[1048, 1046]"
1048,Songyuan Road,Line 10,Songyuan Road,10 April 2010[68],121.407543286,31.198348293,"[2044, 1047]"
1051,Shanghai Library,Line 10,Shanghai Library,10 April 2010[68],121.441741894,31.211194198,"[2056, 2037]"
1055,Yuyuan Garden,Line 10,Yuyuan Garden,10 April 2010[68],121.482864468,31.229964559,"[2008, 2019]"
1058,North Sichuan Road,Line 10,North Sichuan Road,10 April 2010[68],121.479642061,31.253898054,"[2026, 2047]"
1060,Youdian Xincun,Line 10,Youdian Xincun,10 April 2010[68],121.489789828,31.270427704,"[2018, 2047]"
1062,Tongji University,Line 10,Tongji University,10 April 2010[68],121.501792382,31.283944779,"[2018, 1063]"
1063,Guoquan Road,Line 10,Guoquan Road,10 April 2010[68],121.50566807,31.291328446,"[1064, 1062]"
1064,Wujiaochang,Line 10,Wujiaochang,10 April 2010[68],121.510067542,31.2997292,"[1065, 1063]"
1065,Jiangwan Stadium,Line 10,Jiangwan Stadium,10 April 2010[68],121.509729601,31.305442827,"[1064, 1066]"
1066,Sanmen Road,Line 10,Sanmen Road,10 April 2010[68],121.50401182,31.315050515,"[1065, 1067]"
1067,East Yingao Road,Line 10,East Yingao Road,10 April 2010[68],121.502525459,31.323799384,"[1066, 1068]"
1068,New Jiangwan City,Line 10,New Jiangwan City,,121.502697658,31.33112066,[1067]
2008,Laoximen,Line 10,Laoximen,10 April 2010[68],121.478279894,31.221015196,"[834, 2036, 2053, 1055]"
2013,Hongqiao Terminal 2,Line 10,Hongqiao Airport Terminal 2,30 November 2010[69],121.321717626,31.196484051,"[1043, 237, 2014]"
2014,Hongqiao Railway Station,Line 10,Hongqiao Railway Station,30 November 2010[69],121.313063017,31.196155828,"[234, 2013]"
2018,Siping Road,Line 10,Siping Road,10 April 2010[68],121.497061344,31.276968216,"[840, 842, 1060, 1062]"
2019,East Nanjing Road,Line 10,East Nanjing Road,10 April 2010[68],121.478953029,31.239024894,"[2026, 2035, 1055, 247]"
2026,Tiantong Road,Line 10,Tiantong Road,10 April 2010[68],121.47772089,31.246365172,"[1058, 2019, 2021, 1238]"
2037,Jiaotong University,Line 10,Jiao Tong University,10 April 2010[68],121.429716393,31.203733942,"[2025, 1051, 2044, 2054]"
2044,Hongqiao Road,Line 10,Hongqiao Road,10 April 2010[68],121.416178272,31.199283289,"[1048, 2051, 2037, 2046]"
2047,Hailun Road,Line 10,Hailun Road,10 April 2010[68],121.485286062,31.260924792,"[1058, 1060, 413, 2030]"
2053,Xintiandi,Line 10,Site of the First CPC National Congress · Xintiandi,10 April 2010[68],121.470561773,31.218292459,"[2056, 2031, 2028, 2008]"
2056,South Shaanxi Road,Line 10,South Shaanxi Road,10 April 2010[68],121.455464091,31.21914496,"[2017, 2053, 2028, 2033, 2041, 1051]"
1114,Huaqiao,Line 11,Huaqiao,16 October 2013[82],121.099702972,31.300398755,[1115]
1115,Guangming Road,Line 11,Guangming Road,16 October 2013[82],121.112634001,31.298066751,"[1114, 1116]"
1116,Zhaofeng Road,Line 11,Zhaofeng Road,16 October 2013[82],121.145740322,31.290849897,"[1115, 1117]"
1117,Anting,Line 11,Anting,29 March 2010[80],121.157449346,31.29037688,"[1116, 1118]"
1118,Shanghai Automobile City,Line 11,Shanghai Automobile City,29 March 2010[80],121.176250907,31.28729941,"[1117, 1119]"
1119,East Changji Road,Line 11,East Changji Road,26 April 2011[81],121.195922139,31.295550108,"[1120, 1118]"
1120,Shanghai Circuit,Line 11,Shanghai Circuit,29 March 2010[80],121.221647938,31.33387003,"[1119, 1134]"
1131,North Jiading,Line 11,North Jiading,31 December 2009[63],121.232947442,31.393474009,[1132]
1132,West Jiading,Line 11,West Jiading,31 December 2009[63],121.223424041,31.379042743,"[1131, 1133]"
1133,Baiyin Road,Line 11,Baiyin Road,31 December 2009[63],121.240967331,31.347225544,"[1132, 1134]"
1134,Jiading New City,Line 11,Jiading Xincheng,31 December 2009[63],121.249887524,31.332106143,"[1133, 1135, 1120]"
1135,Malu,Line 11,Malu,31 December 2009[63],121.272439838,31.321597357,"[1134, 1137]"
1137,Nanxiang,Line 11,Nanxiang,31 December 2009[63],121.318651748,31.298837137,"[1138, 1135]"
1138,Taopu Xincun,Line 11,Taopu Xincun,31 December 2009[63],121.345054448,31.283439299,"[1137, 1139]"
1139,Wuwei Road,Line 11,Wuwei Road,31 December 2009[63],121.360455468,31.278154062,"[1138, 1140]"
1140,Qilianshan Road,Line 11,Qilianshan Road,31 December 2009[63],121.371234343,31.273492779,"[1139, 1141]"
1141,Liziyuan,Line 11,Liziyuan,31 December 2009[63],121.385192546,31.270865609,"[1140, 1142]"
1142,Shanghai West Railway Station,Line 11,Shanghai West Railway Station,31 December 2009[63],121.396085821,31.264540771,"[1141, 1143]"
1143,Zhenru,Line 11,Zhenru,31 December 2009[63],121.402592639,31.252631342,"[1144, 1142]"
1144,Fengqiao Road,Line 11,Fengqiao Road,31 December 2009[63],121.406511864,31.243749563,"[2055, 1143]"
1150,Shanghai Swimming Center,Line 11,Shanghai Swimming Center,31 August 2013,121.436739009,31.181366331,"[2025, 2012]"
1152,Yunjin Road,Line 11,Yunjin Road,31 August 2013,121.453824439,31.169478023,"[1153, 2012]"
1153,Longyao Road,Line 11,Longyao Road,31 August 2013,121.455131976,31.161590898,"[1152, 2040]"
1155,Sanlin,Line 11,Sanlin,31 August 2013,121.507435391,31.14525371,"[2040, 1156]"
1156,East Sanlin,Line 11,East Sanlin,31 August 2013,121.518661386,31.148597133,"[1155, 1157]"
1157,Pusan Road,Line 11,Pusan Road,31 August 2013,121.534488832,31.153109847,[1156]
1159,Yuqiao,Line 11,Yuqiao,31 August 2013[77],121.566686634,31.160429607,[2042]
1161,Xiuyan Road,Line 11,Xiuyan Road,19 December 2015[76],121.594253458,31.140388537,"[2042, 1162]"
1162,Kangxin Highway,Line 11,Kangxin Highway,19 December 2015[76],121.613030242,31.132655073,"[1161, 1163]"
1163,Disney Resort,Line 11,Disney Resort,26 April 2016[74],121.663732891,31.143438744,[1162]
2012,Longhua,Line 11,Longhua,31 August 2013,121.448485485,31.17485915,"[1152, 2048, 2045, 1150]"
2025,Xujiahui,Line 11,Xujiahui,31 August 2013,121.433617821,31.193882267,"[2051, 2029, 2003, 2037, 119, 1150]"
2037,Jiaotong University,Line 11,Jiao Tong University,31 August 2013,121.429716393,31.203733942,"[2025, 1051, 2044, 2054]"
2040,Oriental Sports Center,Line 11,Oriental Sports Center,31 August 2013,121.476423914,31.15531154,"[1153, 1155, 622, 825, 827]"
2042,Luoshan Road,Line 11,Luoshan Road,31 August 2013[77],121.588971931,31.155506111,"[1624, 1161, 1622, 1159]"
2054,Jiangsu Road,Line 11,Jiangsu Road,31 December 2009[63],121.427966595,31.221768963,"[2057, 2050, 2043, 2037]"
2055,Caoyang Road,Line 11,Caoyang Road,31 December 2009[63],121.413156251,31.241192686,"[2024, 2009, 1144, 2057]"
2057,Longde Road,Line 11,Longde Road,31 December 2009[63],121.418836726,31.232586009,"[2009, 1329, 2054, 2055]"
1220,Qixin Road,Line 12,Qixin Road,19 December 2015[76],121.35721193,31.132914547,[1221]
1221,Hongxin Road,Line 12,Hongxin Road,19 December 2015[76],121.375669938,31.139418878,"[1220, 1222]"
1222,Gudai Road,Line 12,Gudai Road,19 December 2015[76],121.387239321,31.142693849,"[1221, 1223]"
1223,Donglan Road,Line 12,Donglan Road,19 December 2015[76],121.387228456,31.15770063,"[1224, 1222]"
1224,Hongmei Road,Line 12,Hongmei Road,19 December 2015[76],121.392662297,31.162296375,"[1225, 1223]"
1225,Hongcao Road,Line 12,Hongcao Road,19 December 2015[76],121.40572841,31.166154493,"[1224, 1226]"
1226,Guilin Park,Line 12,Guilin Park,19 December 2015[76],121.415287723,31.169028586,"[1225, 2038]"
1238,International Cruise Terminal,Line 12,International Cruise Terminal,29 December 2013[86],121.494592057,31.252401124,"[2026, 1239]"
1239,Tilanqiao,Line 12,Tilanqiao,29 December 2013[86],121.502585748,31.255518759,"[2032, 1238]"
1241,Jiangpu Park,Line 12,Jiangpu Park,29 December 2013[86],121.519166426,31.266534411,"[2032, 1242]"
1242,Ningguo Road,Line 12,Ningguo Road,29 December 2013[86],121.527936109,31.270559692,"[1241, 1243]"
1243,Longchang Road,Line 12,Longchang Road,29 December 2013[86],121.540707808,31.277458786,"[1242, 1244]"
1244,Aiguo Road,Line 12,Aiguo Road,29 December 2013[86],121.548415693,31.281994036,"[1243, 1245]"
1245,Fuxing Island,Line 12,Fuxing Island,29 December 2013[86],121.557010351,31.282961224,"[1244, 1246]"
1246,Donglu Road,Line 12,Donglu Road,29 December 2013[86],121.57507366,31.284688952,"[2004, 1245]"
1248,North Yanggao Road,Line 12,North Yanggao Road,29 December 2013[86],121.598573379,31.282251196,"[1249, 2004]"
1249,Jinjing Road,Line 12,Jinjing Road,29 December 2013[86],121.610593785,31.281820276,"[1248, 1250]"
1250,Shenjiang Road,Line 12,Shenjiang Road,29 December 2013[86],121.622624106,31.282334324,"[1249, 2022]"
2004,Jufeng Road,Line 12,Jufeng Road,29 December 2013[86],121.584260909,31.282831741,"[640, 642, 1248, 1246]"
2007,Damuqiao Road,Line 12,Damuqiao Road,19 December 2015[76],121.458937996,31.195957765,"[2033, 2045, 2006, 423]"
2012,Longhua,Line 12,Longhua,19 December 2015[76],121.448485485,31.17485915,"[1152, 2048, 2045, 1150]"
2021,Qufu Road,Line 12,Qufu Road,10 May 2014[87],121.467113891,31.244662253,"[2026, 2035, 837, 2039]"
2022,Jinhai Road,Line 12,Jinhai Road,29 December 2013[86],121.634358453,31.266432375,[1250]
2026,Tiantong Road,Line 12,Tiantong Road,29 December 2013[86],121.47772089,31.246365172,"[1058, 2019, 2021, 1238]"
2032,Dalian Road,Line 12,Dalian Road,29 December 2013[86],121.508367336,31.26024083,"[1241, 1239, 413, 415]"
2033,Jiashan Road,Line 12,Jiashan Road,19 December 2015[76],121.456454874,31.204614556,"[2056, 937, 2003, 2007]"
2038,Caobao Road,Line 12,Caobao Road,19 December 2015[76],121.430310384,31.170171562,"[2048, 1226, 2027, 2029]"
2039,Hanzhong Road,Line 12,Hanzhong Road,19 December 2015[76],121.454089429,31.24375272,"[2021, 2034, 1331, 1333, 2041, 124]"
2041,West Nanjing Road,Line 12,West Nanjing Road,19 December 2015[76],121.455627903,31.231607822,"[2050, 2056, 2028, 2035, 1333, 2039]"
2045,Longhua Middle Road,Line 12,Middle Longhua Road,19 December 2015[76],121.452651529,31.186257229,"[744, 2012, 2006, 2007]"
2048,Longcao Road,Line 12,Longcao Road,19 December 2015[76],121.439715575,31.171622034,"[312, 314, 2012, 2038]"
2056,South Shaanxi Road,Line 12,South Shaanxi Road,19 December 2015[76],121.455464091,31.21914496,"[2017, 2053, 2028, 2033, 2041, 1051]"
626,Dongming Road,Line 13,Dongming Road,30 December 2018[36],121.506212539,31.174923735,"[625, 2023]"
745,Changqing Road,Line 13,Changqing Road,30 December 2018[36],121.481698094,31.17661023,"[744, 2016]"
828,Chengshan Road,Line 13,Chengshan Road,30 December 2018[36],121.4918544,31.172546018,"[2016, 827]"
1321,Jinyun Road,Line 13,Jinyun Road,30 December 2012[90],121.314864878,31.242815574,[1322]
1322,West Jinshajiang Road,Line 13,West Jinshajiang Road,30 December 2012[90],121.330754923,31.243072825,"[1321, 1323]"
1323,Fengzhuang,Line 13,Fengzhuang,30 December 2012[90],121.350698505,31.244292623,"[1322, 1324]"
1324,South Qilianshan Road,Line 13,South Qilianshan Road,15 June 2013[91],121.362869603,31.239405116,"[1323, 1325]"
1325,Zhenbei Road,Line 13,Zhenbei Road,30 December 2012[90],121.377228761,31.234191683,"[1324, 1326]"
1326,Daduhe Road,Line 13,Daduhe Road,1 November 2014[92],121.389819686,31.233673981,"[2009, 1325]"
1329,Wuning Road,Line 13,Wuning Road,28 December 2014[93],121.425915093,31.236185753,"[2057, 2020]"
1331,Jiangning Road,Line 13,Jiangning Road,19 December 2015[76],121.440163596,31.246266848,"[2020, 2039]"
1333,Shanghai Natural History Museum,Line 13,Shanghai Natural History Museum,19 December 2015[76],121.457823884,31.238327541,"[2041, 2039]"
1338,World Expo Museum,Line 13,World Expo Museum,20 April 2010－2 November 2010 (as the Expo 2010 Line)[94][95]19 December 2015 (as Line 13)[76],121.477251581,31.199280653,"[1339, 2031]"
1339,Expo Avenue,Line 13,Expo Avenue,,121.479708201,31.18501371,[1338]
1622,Middle Huaxia Road,Line 13,Middle Huaxia Road,30 December 2018[36],121.578857186,31.178233461,"[2042, 2052]"
2009,Jinshajiang Road,Line 13,Jinshajiang Road,30 December 2012[90],121.408591207,31.234008201,"[2057, 2043, 1326, 2055]"
2020,Changshou Road,Line 13,Changshou Road,28 December 2014[93],121.433696872,31.241718375,"[2024, 1329, 738, 1331]"
2031,Madang Road,Line 13,Madang Road,20 April 2010－2 November 2010 (as the Expo 2010 Line)[94][95]19 December 2015 (as Line 13)[76],121.472724523,31.211562334,"[937, 1338, 2036, 2053]"
2039,Hanzhong Road,Line 13,Hanzhong Road,19 December 2015[76],121.454089429,31.24375272,"[2021, 2034, 1331, 1333, 2041, 124]"
2041,West Nanjing Road,Line 13,West Nanjing Road,19 December 2015[76],121.455627903,31.231607822,"[2050, 2056, 2028, 2035, 1333, 2039]"
2053,Xintiandi,Line 13,Site of the First CPC National Congress · Xintiandi,19 December 2015[76],121.470561773,31.218292459,"[2056, 2031, 2028, 2008]"
2057,Longde Road,Line 13,Longde Road,28 December 2014[93],121.418836726,31.232586009,"[2009, 1329, 2054, 2055]"
1622,Middle Huaxia Road,Line 16,Middle Huaxia Road,28 December 2014[93],121.578857186,31.178233461,"[2042, 2052]"
1624,East Zhoupu,Line 16,East Zhoupu,29 December 2013[86],121.602754092,31.112309544,"[1625, 2042]"
1625,Hesha Hangcheng,Line 16,Heshahangcheng,29 December 2013[86],121.607093362,31.079974585,"[1624, 1626]"
1626,Hangtou East,Line 16,East Hangtou,29 December 2013[86],121.613286958,31.05724005,"[1625, 1627]"
1627,Xinchang,Line 16,Xinchang,29 December 2013[86],121.644868866,31.04780769,"[1626, 1628]"
1628,Shanghai Wild Animal Park,Line 16,Wild Animal Park,29 December 2013[86],121.695438606,31.052487249,"[1627, 1629]"
1629,Huinan,Line 16,Huinan,29 December 2013[86],121.757556095,31.055964545,"[1628, 1630]"
1630,Huinan East,Line 16,East Huinan,29 December 2013[86],121.789523971,31.02841678,"[1629, 1631]"
1631,Shuyuan,Line 16,Shuyuan,29 December 2013[86],121.846216134,30.961601584,"[1632, 1630]"
1632,Lingang Avenue,Line 16,Lingang Avenue,29 December 2013[86],121.90670309,30.925884482,"[1633, 1631]"
1633,Dishui Lake,Line 16,Dishui Lake,29 December 2013[86],121.925777167,30.909305386,[1632]
2042,Luoshan Road,Line 16,Luoshan Road,29 December 2013[86],121.588971931,31.155506111,"[1624, 1161, 1622, 1159]"
2052,Longyang Road,Line 16,Longyang Road,28 December 2014[93],121.552971357,31.205156342,"[751, 753, 1622, 251, 253]"
234,East Xujing,Line 2,East Xujing,,121.295031968,31.190426253,[2014]
237,Songhong Road,Line 2,Songhong Road,30 December 2006[17],121.355346112,31.22001095,"[2013, 238]"
238,Beixinjing,Line 2,Beixinjing,30 December 2006[17],121.369712386,31.218084283,"[237, 239]"
239,Weining Road,Line 2,Weining Road,30 December 2006[17],121.382591045,31.216888017,"[240, 238]"
240,Loushanguan Road,Line 2,Loushanguan Road,30 December 2006[17],121.399743041,31.213019401,"[2043, 239]"
247,Lujiazui,Line 2,Lujiazui,20 September 1999[18],121.4979311,31.240237146,"[248, 2019]"
248,Dongchang Road,Line 2,Dongchang Road,,121.511146849,31.235374664,"[2010, 247]"
250,Shanghai Science and Technology Museum,Line 2,Shanghai Science and Technology Museum,20 September 1999[18],121.54035992,31.220820317,"[2010, 251]"
251,Century Park,Line 2,Century Park,20 September 1999[18],121.546610423,31.211428964,"[250, 2052]"
253,Zhangjiang Hi-Tech Park,Line 2,Zhangjiang High Technology Park,26 December 2000 - 14 February 2010 (former)[19][20][21]24 February 2010 (current)[22],121.583445308,31.204000442,"[2052, 254]"
254,Jinke Road,Line 2,Jinke Road,24 February 2010[22],121.597840355,31.206443837,"[253, 255]"
255,Guanglan Road,Line 2,Guanglan Road,24 February 2010[22],121.616923077,31.213126633,"[256, 254]"
256,Tangzhen,Line 2,Tangzhen,8 April 2010[23],121.652313671,31.216483578,"[257, 255]"
257,Chuangxin Central Road,Line 2,Middle Chuangxin Road,8 April 2010[23],121.669574879,31.215686458,"[256, 258]"
258,East Huaxia Road,Line 2,East Huaxia Road,8 April 2010[23],121.676664195,31.198756563,"[257, 259]"
259,Chuansha,Line 2,Chuansha,8 April 2010[23],121.69397627,31.188872391,"[258, 260]"
260,Lingkong Road,Line 2,Lingkong Road,8 April 2010[23],121.719371563,31.194796045,"[259, 261]"
261,Yuandong Avenue,Line 2,Yuandong Avenue,8 April 2010[23],121.751012842,31.201430591,"[260, 262]"
262,Haitian 3rd Road,Line 2,Haitiansan Road,8 April 2010[23],121.792700291,31.170492685,"[261, 263]"
263,Pudong International Airport,Line 2,Pudong Airport Terminal 1&2,8 April 2010[23],121.801903153,31.152450366,[262]
2010,Century Avenue,Line 2,Century Avenue,20 September 1999[18],121.522955917,31.230803895,"[416, 2049, 941, 943, 248, 633, 250]"
2013,Hongqiao Terminal 2,Line 2,Hongqiao Airport Terminal 2,16 March 2010[16],121.321717626,31.196484051,"[1043, 237, 2014]"
2014,Hongqiao Railway Station,Line 2,Hongqiao Railway Station,1 July 2010[15],121.313063017,31.196155828,"[234, 2013]"
2019,East Nanjing Road,Line 2,East Nanjing Road,20 September 1999[18],121.478953029,31.239024894,"[2026, 2035, 1055, 247]"
2035,People's Square,Line 2,People's Square,20 September 1999[18],121.470457083,31.234865971,"[834, 2019, 2021, 2028, 2041, 124]"
2041,West Nanjing Road,Line 2,West Nanjing Road,20 September 1999[18],121.455627903,31.231607822,"[2050, 2056, 2028, 2035, 1333, 2039]"
2043,Zhongshan Park,Line 2,Zhongshan Park,20 September 1999[18],121.412622045,31.220078902,"[240, 2046, 2009, 2054]"
2050,Jing'an Temple,Line 2,Jing'an Temple,20 September 1999[18],121.441840398,31.225058466,"[2041, 738, 2017, 2054]"
2052,Longyang Road,Line 2,Longyang Road,20 September 1999[18],121.552971357,31.205156342,"[751, 753, 1622, 251, 253]"
2054,Jiangsu Road,Line 2,Jiangsu Road,20 September 1999[18],121.427966595,31.221768963,"[2057, 2050, 2043, 2037]"
312,Shilong Road,Line 3,Shilong Road,26 December 2000[27],121.438667977,31.159856731,"[2048, 2027]"
314,Caoxi Road,Line 3,Caoxi Road,26 December 2000[27],121.433731362,31.178643733,"[2048, 2051]"
325,Dongbaoxing Road,Line 3,Dongbaoxing Road,26 December 2000[27],121.475714615,31.26190605,"[2005, 2030]"
327,Chifeng Road,Line 3,Chifeng Road,26 December 2000[27],121.477955068,31.283218029,"[328, 2005]"
328,Dabaishu,Line 3,Dabaishu,26 December 2000[27],121.47870274,31.291415275,"[329, 327]"
329,Jiangwan Town,Line 3,Jiangwan Town,26 December 2000[27],121.480588797,31.307468902,"[328, 330]"
330,West Yingao Road,Line 3,West Yingao Road,18 December 2006[28],121.480433603,31.321846932,"[329, 331]"
331,South Changjiang Road,Line 3,South Changjiang Road,18 December 2006[28],121.487004553,31.333957359,"[330, 332]"
332,Songfa Road,Line 3,Songfa Road,18 December 2006[28],121.495949213,31.347075743,"[331, 333]"
333,Zhanghuabang,Line 3,Zhanghuabang,18 December 2006[28],121.494268593,31.359927177,"[332, 334]"
334,Songbin Road,Line 3,Songbin Road,18 December 2006[28],121.488635629,31.372264208,"[333, 335]"
335,Shuichan Road,Line 3,Shuichan Road,18 December 2006[28],121.483768106,31.383177516,"[336, 334]"
336,Baoyang Road,Line 3,Baoyang Road,18 December 2006[28],121.475066666,31.397184356,"[337, 335]"
337,Youyi Road,Line 3,Youyi Road,18 December 2006[28],121.471384511,31.405920883,"[336, 338]"
338,Tieli Road,Line 3,Tieli Road,18 December 2006[28],121.456448336,31.409918876,"[337, 339]"
339,North Jiangyang Road,Line 3,North Jiangyang Road,18 December 2006[28],121.435081311,31.409673404,[338]
2001,Zhongtan Road,Line 3,Zhongtan Road,26 December 2000[27],121.436350839,31.256450861,"[2024, 2034]"
2005,Hongkou Football Stadium,Line 3,Hongkou Football Stadium,26 December 2000[27],121.47470204,31.273254588,"[840, 325, 838, 327]"
2009,Jinshajiang Road,Line 3,Jinshajiang Road,26 December 2000[27],121.408591207,31.234008201,"[2057, 2043, 1326, 2055]"
2024,Zhenping Road,Line 3,Zhenping Road,26 December 2000[27],121.425155934,31.248182892,"[2001, 735, 2020, 2055]"
2027,Shanghai South Railway Station,Line 3,Shanghai South Railway Station,26 December 2000[27],121.425368538,31.15649931,"[312, 114, 2038]"
2030,Baoshan Road,Line 3,Baoshan Road,26 December 2000[27],121.471816719,31.253456818,"[2034, 325, 2047]"
2034,Shanghai Railway Station,Line 3,Shanghai Railway Station,26 December 2000[27],121.451257271,31.249149419,"[2001, 127, 2030, 2039]"
2043,Zhongshan Park,Line 3,Zhongshan Park,26 December 2000[27],121.412622045,31.220078902,"[240, 2046, 2009, 2054]"
2044,Hongqiao Road,Line 3,Hongqiao Road,26 December 2000[27],121.416178272,31.199283289,"[1048, 2051, 2037, 2046]"
2046,West Yan'an Road,Line 3,West Yan'an Road,26 December 2000[27],121.412433163,31.21145601,"[2043, 2044]"
2048,Longcao Road,Line 3,Longcao Road,26 December 2000[27],121.439715575,31.171622034,"[312, 314, 2012, 2038]"
2051,Yishan Road,Line 3,Yishan Road,26 December 2000[27],121.422615594,31.188486856,"[932, 2025, 2029, 314, 2044]"
2055,Caoyang Road,Line 3,Caoyang Road,26 December 2000[27],121.413156251,31.241192686,"[2024, 2009, 1144, 2057]"
413,Lingping Road,Line 4,Linping Road,31 December 2005[31],121.49643205,31.262993787,"[2032, 2047]"
415,Yangshupu Road,Line 4,Yangshupu Road,31 December 2005[31],121.512674289,31.254056501,"[2032, 416]"
416,Pudong Avenue,Line 4,Pudong Avenue,31 December 2005[31],121.514986935,31.242168231,"[2010, 415]"
420,Tangqiao,Line 4,Tangqiao,29 December 2007[32],121.514379872,31.211791632,"[421, 2015]"
421,Nanpu Bridge,Line 4,Nanpu Bridge,29 December 2007[32],121.494964097,31.210345047,"[2002, 420]"
423,Luban Road,Line 4,Luban Road,29 December 2007[32],121.470721641,31.201255467,"[2002, 2007]"
426,Shanghai Stadium,Line 4,Shanghai Stadium,31 December 2005[31],121.438950452,31.187352492,[2006]
2001,Zhongtan Road,Line 4,Zhongtan Road,31 December 2005[31],121.436350839,31.256450861,"[2024, 2034]"
2002,South Xizang Road,Line 4,South Xizang Road,29 December 2007[32],121.485172565,31.203927157,"[2036, 421, 830, 423]"
2006,Dong'an Road,Line 4,Dong'an Road,31 December 2005[31],121.4499314,31.19256869,"[426, 2003, 2045, 2007]"
2007,Damuqiao Road,Line 4,Damuqiao Road,31 December 2005[31],121.458937996,31.195957765,"[2033, 2045, 2006, 423]"
2009,Jinshajiang Road,Line 4,Jinshajiang Road,31 December 2005[31],121.408591207,31.234008201,"[2057, 2043, 1326, 2055]"
2010,Century Avenue,Line 4,Century Avenue,31 December 2005[31],121.522955917,31.230803895,"[416, 2049, 941, 943, 248, 633, 250]"
2015,Lancun Road,Line 4,Lancun Road,31 December 2005[31],121.524302062,31.213714866,"[2049, 420, 629]"
2024,Zhenping Road,Line 4,Zhenping Road,31 December 2005[31],121.425155934,31.248182892,"[2001, 735, 2020, 2055]"
2029,Shanghai Indoor Stadium,Line 4,Shanghai Indoor Stadium,31 December 2005[31],121.431603228,31.183782631,"[2025, 2051, 2038]"
2030,Baoshan Road,Line 4,Baoshan Road,31 December 2005[31],121.471816719,31.253456818,"[2034, 325, 2047]"
2032,Dalian Road,Line 4,Dalian Road,31 December 2005[31],121.508367336,31.26024083,"[1241, 1239, 413, 415]"
2034,Shanghai Railway Station,Line 4,Shanghai Railway Station,31 December 2005[31],121.451257271,31.249149419,"[2001, 127, 2030, 2039]"
2043,Zhongshan Park,Line 4,Zhongshan Park,31 December 2005[31],121.412622045,31.220078902,"[240, 2046, 2009, 2054]"
2044,Hongqiao Road,Line 4,Hongqiao Road,31 December 2005[31],121.416178272,31.199283289,"[1048, 2051, 2037, 2046]"
2046,West Yan'an Road,Line 4,West Yan'an Road,31 December 2005[31],121.412433163,31.21145601,"[2043, 2044]"
2047,Hailun Road,Line 4,Hailun Road,31 December 2005[31],121.485286062,31.260924792,"[1058, 1060, 413, 2030]"
2051,Yishan Road,Line 4,Yishan Road,31 December 2005[31],121.422615594,31.188486856,"[932, 2025, 2029, 314, 2044]"
2055,Caoyang Road,Line 4,Caoyang Road,31 December 2005[31],121.413156251,31.241192686,"[2024, 2009, 1144, 2057]"
502,Chunshen Road,Line 5,Chunshen Road,25 November 2003[36],121.381178577,31.100133212,"[2011, 503]"
503,Yindu Road,Line 5,Yindu Road,25 November 2003[36],121.385726775,31.091103672,"[502, 505]"
505,Zhuanqiao,Line 5,Zhuanqiao,25 November 2003[36],121.397229638,31.068926951,"[502, 508]"
507,Beiqiao,Line 5,Beiqiao,25 November 2003[36],121.405430474,31.04699477,"[508, 505]"
508,Jianchuan Road,Line 5,Jianchuan Road,25 November 2003[36],121.411962619,31.028392219,"[507, 509]"
509,Dongchuan Road,Line 5,Dongchuan Road,25 November 2003[36],121.415276286,31.020129531,"[508, 510]"
510,Jingping Road,Line 5,Jinping Road,25 November 2003[36],121.405597024,31.013174969,"[509, 511]"
511,Huaning Road,Line 5,Huaning Road,25 November 2003[36],121.390678018,31.00938857,"[512, 510]"
512,Wenjing Road,Line 5,Wenjing Road,25 November 2003[36],121.376150158,31.005526962,"[513, 511]"
513,Minhang Development Zone,Line 5,Minhang Development Zone,25 November 2003[36],121.365118845,31.002572281,[512]
2011,Xinzhuang,Line 5,Xinzhuang,25 November 2003[36],121.380839538,31.112983939,"[112, 502]"
622,South Lingyan Road,Line 6,South Lingyan Road,29 December 2007[40],121.490806173,31.150842633,"[2040, 623]"
623,Shangnan Road,Line 6,Shangnan Road,29 December 2007[40],121.502354461,31.15110376,"[624, 622]"
624,West Huaxia Road,Line 6,West Huaxia Road,29 December 2007[40],121.510363399,31.15192965,"[625, 623]"
625,Gaoqing Road,Line 6,Gaoqing Road,29 December 2007[40],121.511143798,31.161859926,"[624, 626]"
626,Dongming Road,Line 6,Dongming Road,29 December 2007[40],121.506212539,31.174923735,"[625, 2023]"
628,Linyi Xincun,Line 6,Linyi Xincun,29 December 2007[40],121.512700268,31.195301069,"[629, 2023]"
629,Shanghai Children's Medical Center,Line 6,Shanghai Children's Medical Center,29 December 2007[40],121.51890689,31.204842461,"[628, 2015]"
633,Yuanshen Sports Center,Line 6,Yuanshen Sports Center,29 December 2007[40],121.530378145,31.235143094,"[2010, 634]"
634,Minsheng Road,Line 6,Minsheng Road,29 December 2007[40],121.53961142,31.238147385,"[633, 635]"
635,Beiyangjing Road,Line 6,Beiyangjing Road,29 December 2007[40],121.547873193,31.24121507,"[634, 636]"
636,Deping Road,Line 6,Deping Road,29 December 2007[40],121.559841511,31.247492601,"[635, 637]"
637,Yunshan Road,Line 6,Yunshan Road,29 December 2007[40],121.568640821,31.252628085,"[636, 638]"
638,Jinqiao Road,Line 6,Jinqiao Road,29 December 2007[40],121.577716757,31.259449703,"[637, 639]"
639,Boxing Road,Line 6,Boxing Road,29 December 2007[40],121.582521596,31.265715972,"[640, 638]"
640,Wulian Road,Line 6,Wulian Road,29 December 2007[40],121.58378743,31.27414907,"[2004, 639]"
642,Dongjing Road,Line 6,Dongjing Road,29 December 2007[40],121.584663712,31.293153416,"[643, 2004]"
643,Wuzhou Avenue,Line 6,Wuzhou Avenue,29 December 2007[40],121.585133606,31.304728889,"[642, 644]"
644,Zhouhai Road,Line 6,Zhouhai Road,29 December 2007[40],121.585223441,31.314421091,"[643, 645]"
645,South Waigaoqiao Free Trade Zone Station,Line 6,South Waigaoqiao Free Trade Zone,29 December 2007[40],121.59778165,31.323763133,"[644, 646]"
646,Hangjin Road,Line 6,Hangjin Road,29 December 2007[40],121.589807171,31.337549811,"[645, 647]"
647,North Waigaoqiao Free Trade Zone Station,Line 6,North Waigaoqiao Free Trade Zone,29 December 2007[40],121.582724831,31.349940744,"[648, 646]"
648,Gangcheng Road,Line 6,Gangcheng Road,29 December 2007[40],121.570374974,31.355142146,[647]
2004,Jufeng Road,Line 6,Jufeng Road,29 December 2007[40],121.584260909,31.282831741,"[640, 642, 1248, 1246]"
2010,Century Avenue,Line 6,Century Avenue,29 December 2007[40],121.522955917,31.230803895,"[416, 2049, 941, 943, 248, 633, 250]"
2015,Lancun Road,Line 6,Lancun Road,29 December 2007[40],121.524302062,31.213714866,"[2049, 420, 629]"
2023,West Gaoke Road,Line 6,West Gaoke Road,29 December 2007[40],121.505517848,31.187777365,"[626, 747, 628, 749]"
2040,Oriental Sports Center,Line 6,Oriental Sports Center,12 April 2011[41],121.476423914,31.15531154,"[1153, 1155, 622, 825, 827]"
2049,Pudian Road,Line 6,Pudian Road,29 December 2007[40],121.527848943,31.224457288,"[2010, 2015]"
721,Meilan Lake,Line 7,Meilan Lake,28 December 2010[45],121.345259511,31.403775779,[722]
722,Luonan Xincun,Line 7,Luonan Xincun,28 December 2010[45],121.35280146,31.39059269,"[721, 723]"
723,Panguang Road,Line 7,Panguang Road,30 June 2011[46],121.351598417,31.365445218,"[722, 724]"
724,Liu Hang,Line 7,Liuhang,30 June 2011[46],121.357774726,31.359381323,"[723, 725]"
725,Gucun Park,Line 7,Gucun Park,28 December 2010[45],121.368320304,31.34649161,"[724, 726]"
726,Qihua Road,Line 7,Qihua Road,22 July 2014[47],121.368834677,31.324270359,"[725, 727]"
727,Shanghai University,Line 7,Shanghai University,5 December 2009[48],121.384324697,31.322373451,"[728, 726]"
728,Nanchen Road,Line 7,Nanchen Road,5 December 2009[48],121.394081532,31.323554777,"[729, 727]"
729,Shangda Road,Line 7,Shangda Road,5 December 2009[48],121.404049079,31.316758855,"[728, 730]"
730,Changzhong Road,Line 7,Changzhong Road,5 December 2009[48],121.408605124,31.305631244,"[729, 731]"
731,Dachang Town,Line 7,Dachang Town,5 December 2009[48],121.411602017,31.29507342,"[730, 732]"
732,Xingzhi Road,Line 7,Xingzhi Road,5 December 2009[48],121.417174701,31.285986202,"[731, 733]"
733,Dahua San Road,Line 7,Dahuasan Road,5 December 2009[48],121.418482486,31.275723943,"[732, 734]"
734,Xincun Road,Line 7,Xincun Road,5 December 2009[48],121.417997974,31.26563162,"[733, 735]"
735,Langao Road,Line 7,Langao Road,5 December 2009[48],121.417161444,31.257880611,"[2024, 734]"
738,Changping Road,Line 7,Changping Road,5 December 2009[48],121.43788726,31.235646924,"[2050, 2020]"
744,Houtan,Line 7,Houtan,20 April 2010[49],121.469379488,31.174029921,"[745, 2045]"
745,Changqing Road,Line 7,Changqing Road,5 December 2009[48],121.481698094,31.17661023,"[744, 2016]"
747,Yuntai Road,Line 7,Yuntai Road,5 December 2009[48],121.496129096,31.18446681,"[2016, 2023]"
749,South Yanggao Road,Line 7,South Yanggao Road,5 December 2009[48],121.520047669,31.189639158,"[750, 2023]"
750,Jinxiu Road,Line 7,Jinxiu Road,5 December 2009[48],121.535752807,31.189635096,"[749, 751]"
751,Fanghua Road,Line 7,Fanghua Road,5 December 2009[48],121.545954276,31.194881433,"[2052, 750]"
753,Huamu Road,Line 7,Huamu Road,5 December 2009[48],121.558661905,31.213026204,[2052]
2003,Zhaojiabang Road,Line 7,Zhaojiabang Road,5 December 2009[48],121.445871009,31.200675112,"[2017, 2033, 2025, 2006]"
2006,Dong'an Road,Line 7,Dong'an Road,5 December 2009[48],121.4499314,31.19256869,"[426, 2003, 2045, 2007]"
2016,Yaohua Road,Line 7,Yaohua Road,5 December 2009[48],121.490091266,31.180529911,"[745, 747, 828, 830]"
2017,Changshu Road,Line 7,Changshu Road,5 December 2009[48],121.446512851,31.215311025,"[2056, 2050, 2003, 119]"
2020,Changshou Road,Line 7,Changshou Road,5 December 2009[48],121.433696872,31.241718375,"[2024, 1329, 738, 1331]"
2023,West Gaoke Road,Line 7,West Gaoke Road,5 December 2009[48],121.505517848,31.187777365,"[626, 747, 628, 749]"
2024,Zhenping Road,Line 7,Zhenping Road,5 December 2009[48],121.425155934,31.248182892,"[2001, 735, 2020, 2055]"
2045,Longhua Middle Road,Line 7,Middle Longhua Road,5 December 2009[48],121.452651529,31.186257229,"[744, 2012, 2006, 2007]"
2050,Jing'an Temple,Line 7,Jing'an Temple,5 December 2009[48],121.441840398,31.225058466,"[2041, 738, 2017, 2054]"
2052,Longyang Road,Line 7,Longyang Road,5 December 2009[48],121.552971357,31.205156342,"[751, 753, 1622, 251, 253]"
820,Shendu Highway,Line 8,Shendu Highway,5 July 2009[55],121.507905886,31.063523541,[821]
821,Lianhang Road,Line 8,Lianhang Road,5 July 2009[55],121.506222033,31.075710319,"[820, 822]"
822,Jiangyue Road,Line 8,Jiangyue Road,5 July 2009[55],121.504236848,31.086342078,"[821, 823]"
823,Pujiang Town,Line 8,Pujiang Town,5 July 2009[55],121.501874632,31.098688359,"[824, 822]"
824,Luheng Road,Line 8,Luheng Road,5 July 2009[55],121.493805184,31.120878108,"[825, 823]"
825,Lingzhao Xincun,Line 8,Lingzhao Xincun,5 July 2009[55],121.48489117,31.143021235,"[824, 2040]"
827,Yangsi,Line 8,Yangsi,5 July 2009[55],121.488937814,31.162962578,"[2040, 828]"
828,Chengshan Road,Line 8,Chengshan Road,5 July 2009[55],121.4918544,31.172546018,"[2016, 827]"
830,China Art Museum,Line 8,China Art Museum,28 September 2012[54],121.489343642,31.18724117,"[2016, 2002]"
834,Great World,Line 8,Dashijie,29 December 2007[53],121.474712385,31.229130521,"[2008, 2035]"
837,Zhongxing Road,Line 8,Zhongxing Road,29 December 2007[53],121.464500701,31.255223204,"[2021, 838]"
838,North Xizang Road,Line 8,North Xizang Road,29 December 2007[53],121.464264315,31.265306644,"[2005, 837]"
840,Quyang Road,Line 8,Quyang Road,29 December 2007[53],121.486134081,31.278512493,"[2018, 2005]"
842,Anshan Xincun,Line 8,Anshan Xincun,29 December 2007[53],121.505160723,31.275299223,"[2018, 843]"
843,Jiangpu Road,Line 8,Jiangpu Road,29 December 2007[53],121.513485367,31.276923954,"[842, 844]"
844,Huangxing Road,Line 8,Huangxing Road,29 December 2007[53],121.523979949,31.280810293,"[843, 845]"
845,Middle Yanji Road,Line 8,Middle Yanji Road,29 December 2007[53],121.530621364,31.290009786,"[844, 846]"
846,Huangxing Park,Line 8,Huangxing Park,29 December 2007[53],121.52862169,31.298126414,"[845, 847]"
847,Xiangyin Road,Line 8,Xiangyin Road,29 December 2007[53],121.527501152,31.307201218,"[848, 846]"
848,Nenjiang Road,Line 8,Nenjiang Road,29 December 2007[53],121.527373151,31.316802024,"[849, 847]"
849,Shiguang Road,Line 8,Shiguang Road,29 December 2007[53],121.527610735,31.324729476,[848]
2002,South Xizang Road,Line 8,South Xizang Road,29 December 2007[53],121.485172565,31.203927157,"[2036, 421, 830, 423]"
2005,Hongkou Football Stadium,Line 8,Hongkou Football Stadium,29 December 2007[53],121.47470204,31.273254588,"[840, 325, 838, 327]"
2008,Laoximen,Line 8,Laoximen,29 December 2007[53],121.478279894,31.221015196,"[834, 2036, 2053, 1055]"
2016,Yaohua Road,Line 8,Yaohua Road,29 December 2007[53],121.490091266,31.180529911,"[745, 747, 828, 830]"
2018,Siping Road,Line 8,Siping Road,29 December 2007[53],121.497061344,31.276968216,"[840, 842, 1060, 1062]"
2021,Qufu Road,Line 8,Qufu Road,29 December 2007[53],121.467113891,31.244662253,"[2026, 2035, 837, 2039]"
2035,People's Square,Line 8,People's Square,29 December 2007[53],121.470457083,31.234865971,"[834, 2019, 2021, 2028, 2041, 124]"
2036,Lujiabang Road,Line 8,Lujiabang Road,29 December 2007[53],121.481629339,31.213855096,"[2008, 2002, 940, 2031]"
2040,Oriental Sports Center,Line 8,Oriental Sports Center,12 April 2011[41],121.476423914,31.15531154,"[1153, 1155, 622, 825, 827]"
918,South Songjiang Railway Station,Line 9,Shanghai Songjiang Railway Station,30 December 2012[60],121.226390216,30.987130812,[919]
919,Zuibaichi,Line 9,Zuibaichi Park,30 December 2012[60],121.224717028,31.002760868,"[920, 918]"
920,Songjiang Sports Center,Line 9,Songjiang Sports Center,30 December 2012[60],121.226364779,31.018055817,"[921, 919]"
921,Songjiang New City,Line 9,Songjiang Xincheng,29 December 2007[61],121.226340383,31.032245093,"[920, 922]"
922,Songjiang University Town,Line 9,Songjiang University Town,29 December 2007[61],121.228252415,31.056164209,"[921, 923]"
923,Dongjing,Line 9,Dongjing,29 December 2007[61],121.226085386,31.086565625,"[922, 924]"
924,Sheshan,Line 9,Sheshan,29 December 2007[61],121.225311253,31.10625363,"[923, 925]"
925,Sijing,Line 9,Sijing,29 December 2007[61],121.2559243,31.120403035,"[924, 926]"
926,Jiuting,Line 9,Jiuting,29 December 2007[61],121.315099332,31.139406939,"[925, 927]"
927,Zhongchun Road,Line 9,Zhongchun Road,29 December 2007[61],121.332241062,31.150968837,"[928, 926]"
928,Qibao,Line 9,Qibao,29 December 2007[61],121.345076273,31.157421516,"[929, 927]"
929,Xingzhong Road,Line 9,Xingzhong Road,29 December 2007[61],121.364298895,31.160014256,"[928, 930]"
930,Hechuan Road,Line 9,Hechuan Road,29 December 2007[61],121.380123957,31.168432353,"[929, 931]"
931,Caohejing Hi-Tech Park,Line 9,Caohejing Hi-Tech Park,29 December 2007[61],121.393065079,31.172459594,"[930, 932]"
932,Guilin Road,Line 9,Guilin Road,29 December 2007[61],121.413652527,31.176699229,"[2051, 931]"
937,Dapuqiao,Line 9,Dapuqiao,31 December 2009[63],121.464086845,31.208456707,"[2033, 2031]"
940,Xiaonanmen,Line 9,Xiaonanmen,31 December 2009[63],121.494041588,31.219075141,"[2036, 941]"
941,Shangcheng Road,Line 9,Shangcheng Road,31 December 2009[63],121.512034464,31.232726476,"[2010, 940]"
943,Middle Yanggao Road,Line 9,Middle Yanggao Road,7 April 2010[64],121.544387644,31.229674097,[2010]
2003,Zhaojiabang Road,Line 9,Zhaojiabang Road,31 December 2009[63],121.445871009,31.200675112,"[2017, 2033, 2025, 2006]"
2010,Century Avenue,Line 9,Century Avenue,31 December 2009[63],121.522955917,31.230803895,"[416, 2049, 941, 943, 248, 633, 250]"
2022,Jinhai Road,Line 9,Jinhai Road,30 December 2017[56],121.634358453,31.266432375,[1250]
2025,Xujiahui,Line 9,Xujiahui,31 December 2009[63],121.433617821,31.193882267,"[2051, 2029, 2003, 2037, 119, 1150]"
2031,Madang Road,Line 9,Madang Road,31 December 2009[63],121.472724523,31.211562334,"[937, 1338, 2036, 2053]"
2033,Jiashan Road,Line 9,Jiashan Road,31 December 2009[63],121.456454874,31.204614556,"[2056, 937, 2003, 2007]"
2036,Lujiabang Road,Line 9,Lujiabang Road,31 December 2009[63],121.481629339,31.213855096,"[2008, 2002, 940, 2031]"
2051,Yishan Road,Line 9,Yishan Road,28 December 2008[62],121.422615594,31.188486856,"[932, 2025, 2029, 314, 2044]"
