metroflow_name,wiki_name
Jinjiang Amusement Park,Jinjiang Park
Zhongshan North Road,North Zhongshan Road
Shanghai Circus City,Shanghai Circus World
East Xujing,East Xujing
Zhangjiang Hi-Tech Park,Zhangjiang High Technology Park
Chuangxin Central Road,Middle Chuangxin Road
Haitian 3rd Road,Haitiansan Road
Pudong International Airport,Pudong Airport Terminal 1&2
Lingping Road,Linping Road
Jingping Road,Jinping Road
South Waigaoqiao Free Trade Zone Station,South Waigaoqiao Free Trade Zone
North Waigaoqiao Free Trade Zone Station,North Waigaoqiao Free Trade Zone
Liu Hang,Liuhang
Dahua San Road,Dahuasan Road
Great World,Dashijie
South Songjiang Railway Station,Shanghai Songjiang Railway Station
Zuibaichi,Zuibaichi Park
Songjiang New City,Songjiang Xincheng
Hongqiao Terminal 1,Hongqiao Airport Terminal 1
Hongqiao Terminal 2,Hongqiao Airport Terminal 2
Jiaotong University,Jiao Tong University
South Huangpi Road,Site of the First CPC National Congress · South Huangpi Road
Xintiandi,Site of the First CPC National Congress · Xintiandi
Longhua Middle Road,Middle Longhua Road
Jiading New City,Jiading Xincheng
Hesha Hangcheng,Heshahangcheng
Hangtou East,East Hangtou
Shanghai Wild Animal Park,Wild Animal Park
Huinan East,East Huinan
