line,station_name_wiki,opened
Line 2,Panxiang Road · Shanghai National Accounting Institute,1 November 2025
Line 2,National Exhibition and Convention Center,16 March 2010[14]
Line 2,South Pudong Road,20 September 1999[18]
Line 4,— ↑ Loop line towards Shanghai Indoor Stadium ↑ —,— ↑ Loop line towards Shanghai Indoor Stadium ↑ —
Line 4,Xiangcheng Road,31 December 2005[31]
Line 4,— ↓ Loop line towards Yishan Road ↓ —,— ↓ Loop line towards Yishan Road ↓ —
Line 5,Mainline,Mainline
Line 5,Jiangchuan Road,30 December 2018[33]
Line 5,Xidu,30 December 2018[33]
Line 5,Xiaotang,30 December 2018[33]
Line 5,Fengpu Avenue,30 December 2018[33]
Line 5,Huanchengdong Road,30 December 2018[33]
Line 5,Wangyuan Road,30 December 2018[33]
Line 5,Jinhai Lake,30 December 2018[33]
Line 5,Fengxian Xincheng,30 December 2018[33]
Line 5,Branch,Branch
Line 9,Fangdian Road,30 December 2017[56]
Line 9,Lantian Road,30 December 2017[56]
Line 9,Taierzhuang Road,30 December 2017[56]
Line 9,Jinqiao,30 December 2017[56]
Line 9,Jinji Road,30 December 2017[56]
Line 9,Gutang Road,30 December 2017[56]
Line 9,Minlei Road,30 December 2017[56]
Line 9,Caolu,30 December 2017[56]
Line 10,Branch,Branch
Line 10,Mainline,Mainline
Line 10,Xinjiangwancheng,10 April 2010[68]
Line 10,Guofan Road,26 December 2020[70]
Line 10,Shuangjiang Road,26 December 2020[70]
Line 10,West Gaoqiao,26 December 2020[70]
Line 10,Gaoqiao,26 December 2020[70]
Line 10,Jilong Road,26 December 2020[70]
Line 11,Mainline,Mainline
Line 11,Kangheng Road,28 September 2024[78]
Line 11,Chenxiang Highway,25 August 2020[79]
Line 11,Branch,Branch
Line 13,Middle Huaihai Road,19 December 2015[76]
Line 13,Shibo Avenue,20 April 2010－2 November 2010 (as the Expo 2010 Line)[94][95]19 December 2015 (as Line 13)[76]
Line 13,Huapeng Road,30 December 2018[36]
Line 13,Xianan Road,30 December 2018[36]
Line 13,Beicai,30 December 2018[36]
Line 13,Chenchun Road,30 December 2018[36]
Line 13,Lianxi Road,30 December 2018[36]
Line 13,Zhongke Road,30 December 2018[36]
Line 13,Xuelin Road,30 December 2018[36]
Line 13,Zhangjiang Road,30 December 2018[36]
