date,day_pos
20170501,1
20170502,2
20170503,3
20170504,4
20170505,5
20170506,6
20170507,7
20170508,8
20170509,9
20170510,10
20170511,11
20170512,12
20170513,13
20170514,14
20170515,15
20170516,16
20170517,17
20170518,18
20170519,19
20170520,20
20170521,21
20170522,22
20170523,23
20170524,24
20170525,25
20170526,26
20170527,27
20170528,28
20170529,29
20170530,30
20170531,31
20170601,32
20170602,33
20170603,34
20170604,35
20170605,36
20170606,37
20170607,38
20170608,39
20170609,40
20170610,41
20170611,42
20170612,43
20170613,44
20170614,45
20170615,46
20170616,47
20170617,48
20170618,49
20170619,50
20170620,51
20170621,52
20170622,53
20170623,54
20170624,55
20170625,56
20170626,57
20170627,58
20170628,59
20170629,60
20170630,61
20170701,62
20170702,63
20170703,64
20170704,65
20170705,66
20170706,67
20170707,68
20170708,69
20170709,70
20170710,71
20170711,72
20170712,73
20170713,74
20170714,75
20170715,76
20170716,77
20170717,78
20170718,79
20170719,80
20170720,81
20170721,82
20170722,83
20170723,84
20170724,85
20170725,86
20170726,87
20170727,88
20170728,89
20170729,90
20170730,91
20170731,92
20170801,93
20170802,94
20170803,95
20170804,96
20170805,97
20170806,98
20170807,99
20170808,100
20170809,101
20170810,102
20170811,103
20170812,104
20170813,105
20170814,106
20170815,107
20170816,108
20170817,109
20170818,110
20170819,111
20170820,112
20170821,113
20170822,114
20170823,115
20170824,116
20170825,117
20170826,118
20170827,119
20170828,120
20170829,121
20170830,122
20170831,123
