station,station_pos,name,lon,lat,neighbour,lines,n_lines,is_transfer
112,1,Waihuanlu,121.38849586,31.12298734,"[113, 2011]",Line 1,1,FALSE
113,2,Lianhua Road,121.39828804,31.132883499,"[112, 114]",Line 1,1,FALSE
114,3,Jinjiang Amusement Park,121.409494683,31.144053983,"[113, 2027]",Line 1,1,FALSE
119,4,Hengshan Road,121.441944506,31.206619041,"[2025, 2017]",Line 1,1,FALSE
124,5,Xinzha Road,121.463493379,31.24067856,"[2035, 2039]",Line 1,1,FALSE
127,6,Zhongshan North Road,121.454688131,31.260741938,"[128, 2034]",Line 1,1,FALSE
128,7,Yanchang Road,121.450712025,31.273307641,"[129, 127]",Line 1,1,FALSE
129,8,Shanghai Circus City,121.447341668,31.281257251,"[128, 130]",Line 1,1,FALSE
130,9,Wenshui Road,121.445587497,31.29447578,"[129, 131]",Line 1,1,FALSE
131,10,Pengpu Xincun,121.444082899,31.30850675,"[130, 132]",Line 1,1,FALSE
132,11,Gongkang Road,121.442452627,31.320858825,"[131, 133]",Line 1,1,FALSE
133,12,Tonghe Xincun,121.436929642,31.332913486,"[132, 134]",Line 1,1,FALSE
134,13,Hulan Road,121.433106054,31.341600756,"[133, 135]",Line 1,1,FALSE
135,14,Gongfu Xincun,121.429488802,31.356902294,"[136, 134]",Line 1,1,FALSE
136,15,Bao'an Highway,121.42634765,31.371233449,"[137, 135]",Line 1,1,FALSE
137,16,West Youyi Road,121.423323482,31.382958896,"[136, 138]",Line 1,1,FALSE
138,17,Fujin Road,121.420030689,31.393999581,[137],Line 1,1,FALSE
234,18,East Xujing,121.295031968,31.190426253,[2014],Line 2,1,FALSE
237,19,Songhong Road,121.355346112,31.22001095,"[2013, 238]",Line 2,1,FALSE
238,20,Beixinjing,121.369712386,31.218084283,"[237, 239]",Line 2,1,FALSE
239,21,Weining Road,121.382591045,31.216888017,"[240, 238]",Line 2,1,FALSE
240,22,Loushanguan Road,121.399743041,31.213019401,"[2043, 239]",Line 2,1,FALSE
247,23,Lujiazui,121.4979311,31.240237146,"[248, 2019]",Line 2,1,FALSE
248,24,Dongchang Road,121.511146849,31.235374664,"[2010, 247]",Line 2,1,FALSE
250,25,Shanghai Science and Technology Museum,121.54035992,31.220820317,"[2010, 251]",Line 2,1,FALSE
251,26,Century Park,121.546610423,31.211428964,"[250, 2052]",Line 2,1,FALSE
253,27,Zhangjiang Hi-Tech Park,121.583445308,31.204000442,"[2052, 254]",Line 2,1,FALSE
254,28,Jinke Road,121.597840355,31.206443837,"[253, 255]",Line 2,1,FALSE
255,29,Guanglan Road,121.616923077,31.213126633,"[256, 254]",Line 2,1,FALSE
256,30,Tangzhen,121.652313671,31.216483578,"[257, 255]",Line 2,1,FALSE
257,31,Chuangxin Central Road,121.669574879,31.215686458,"[256, 258]",Line 2,1,FALSE
258,32,East Huaxia Road,121.676664195,31.198756563,"[257, 259]",Line 2,1,FALSE
259,33,Chuansha,121.69397627,31.188872391,"[258, 260]",Line 2,1,FALSE
260,34,Lingkong Road,121.719371563,31.194796045,"[259, 261]",Line 2,1,FALSE
261,35,Yuandong Avenue,121.751012842,31.201430591,"[260, 262]",Line 2,1,FALSE
262,36,Haitian 3rd Road,121.792700291,31.170492685,"[261, 263]",Line 2,1,FALSE
263,37,Pudong International Airport,121.801903153,31.152450366,[262],Line 2,1,FALSE
312,38,Shilong Road,121.438667977,31.159856731,"[2048, 2027]",Line 3,1,FALSE
314,39,Caoxi Road,121.433731362,31.178643733,"[2048, 2051]",Line 3,1,FALSE
325,40,Dongbaoxing Road,121.475714615,31.26190605,"[2005, 2030]",Line 3,1,FALSE
327,41,Chifeng Road,121.477955068,31.283218029,"[328, 2005]",Line 3,1,FALSE
328,42,Dabaishu,121.47870274,31.291415275,"[329, 327]",Line 3,1,FALSE
329,43,Jiangwan Town,121.480588797,31.307468902,"[328, 330]",Line 3,1,FALSE
330,44,West Yingao Road,121.480433603,31.321846932,"[329, 331]",Line 3,1,FALSE
331,45,South Changjiang Road,121.487004553,31.333957359,"[330, 332]",Line 3,1,FALSE
332,46,Songfa Road,121.495949213,31.347075743,"[331, 333]",Line 3,1,FALSE
333,47,Zhanghuabang,121.494268593,31.359927177,"[332, 334]",Line 3,1,FALSE
334,48,Songbin Road,121.488635629,31.372264208,"[333, 335]",Line 3,1,FALSE
335,49,Shuichan Road,121.483768106,31.383177516,"[336, 334]",Line 3,1,FALSE
336,50,Baoyang Road,121.475066666,31.397184356,"[337, 335]",Line 3,1,FALSE
337,51,Youyi Road,121.471384511,31.405920883,"[336, 338]",Line 3,1,FALSE
338,52,Tieli Road,121.456448336,31.409918876,"[337, 339]",Line 3,1,FALSE
339,53,North Jiangyang Road,121.435081311,31.409673404,[338],Line 3,1,FALSE
413,54,Lingping Road,121.49643205,31.262993787,"[2032, 2047]",Line 4,1,FALSE
415,55,Yangshupu Road,121.512674289,31.254056501,"[2032, 416]",Line 4,1,FALSE
416,56,Pudong Avenue,121.514986935,31.242168231,"[2010, 415]",Line 4,1,FALSE
420,57,Tangqiao,121.514379872,31.211791632,"[421, 2015]",Line 4,1,FALSE
421,58,Nanpu Bridge,121.494964097,31.210345047,"[2002, 420]",Line 4,1,FALSE
423,59,Luban Road,121.470721641,31.201255467,"[2002, 2007]",Line 4,1,FALSE
426,60,Shanghai Stadium,121.438950452,31.187352492,[2006],Line 4,1,FALSE
502,61,Chunshen Road,121.381178577,31.100133212,"[2011, 503]",Line 5,1,FALSE
503,62,Yindu Road,121.385726775,31.091103672,"[502, 505]",Line 5,1,FALSE
505,63,Zhuanqiao,121.397229638,31.068926951,"[502, 508]",Line 5,1,FALSE
507,64,Beiqiao,121.405430474,31.04699477,"[508, 505]",Line 5,1,FALSE
508,65,Jianchuan Road,121.411962619,31.028392219,"[507, 509]",Line 5,1,FALSE
509,66,Dongchuan Road,121.415276286,31.020129531,"[508, 510]",Line 5,1,FALSE
510,67,Jingping Road,121.405597024,31.013174969,"[509, 511]",Line 5,1,FALSE
511,68,Huaning Road,121.390678018,31.00938857,"[512, 510]",Line 5,1,FALSE
512,69,Wenjing Road,121.376150158,31.005526962,"[513, 511]",Line 5,1,FALSE
513,70,Minhang Development Zone,121.365118845,31.002572281,[512],Line 5,1,FALSE
622,71,South Lingyan Road,121.490806173,31.150842633,"[2040, 623]",Line 6,1,FALSE
623,72,Shangnan Road,121.502354461,31.15110376,"[624, 622]",Line 6,1,FALSE
624,73,West Huaxia Road,121.510363399,31.15192965,"[625, 623]",Line 6,1,FALSE
625,74,Gaoqing Road,121.511143798,31.161859926,"[624, 626]",Line 6,1,FALSE
626,75,Dongming Road,121.506212539,31.174923735,"[625, 2023]",Line 13;Line 6,2,TRUE
628,76,Linyi Xincun,121.512700268,31.195301069,"[629, 2023]",Line 6,1,FALSE
629,77,Shanghai Children's Medical Center,121.51890689,31.204842461,"[628, 2015]",Line 6,1,FALSE
633,78,Yuanshen Sports Center,121.530378145,31.235143094,"[2010, 634]",Line 6,1,FALSE
634,79,Minsheng Road,121.53961142,31.238147385,"[633, 635]",Line 6,1,FALSE
635,80,Beiyangjing Road,121.547873193,31.24121507,"[634, 636]",Line 6,1,FALSE
636,81,Deping Road,121.559841511,31.247492601,"[635, 637]",Line 6,1,FALSE
637,82,Yunshan Road,121.568640821,31.252628085,"[636, 638]",Line 6,1,FALSE
638,83,Jinqiao Road,121.577716757,31.259449703,"[637, 639]",Line 6,1,FALSE
639,84,Boxing Road,121.582521596,31.265715972,"[640, 638]",Line 6,1,FALSE
640,85,Wulian Road,121.58378743,31.27414907,"[2004, 639]",Line 6,1,FALSE
642,86,Dongjing Road,121.584663712,31.293153416,"[643, 2004]",Line 6,1,FALSE
643,87,Wuzhou Avenue,121.585133606,31.304728889,"[642, 644]",Line 6,1,FALSE
644,88,Zhouhai Road,121.585223441,31.314421091,"[643, 645]",Line 6,1,FALSE
645,89,South Waigaoqiao Free Trade Zone Station,121.59778165,31.323763133,"[644, 646]",Line 6,1,FALSE
646,90,Hangjin Road,121.589807171,31.337549811,"[645, 647]",Line 6,1,FALSE
647,91,North Waigaoqiao Free Trade Zone Station,121.582724831,31.349940744,"[648, 646]",Line 6,1,FALSE
648,92,Gangcheng Road,121.570374974,31.355142146,[647],Line 10;Line 6,2,TRUE
721,93,Meilan Lake,121.345259511,31.403775779,[722],Line 7,1,FALSE
722,94,Luonan Xincun,121.35280146,31.39059269,"[721, 723]",Line 7,1,FALSE
723,95,Panguang Road,121.351598417,31.365445218,"[722, 724]",Line 7,1,FALSE
724,96,Liu Hang,121.357774726,31.359381323,"[723, 725]",Line 7,1,FALSE
725,97,Gucun Park,121.368320304,31.34649161,"[724, 726]",Line 7,1,FALSE
726,98,Qihua Road,121.368834677,31.324270359,"[725, 727]",Line 7,1,FALSE
727,99,Shanghai University,121.384324697,31.322373451,"[728, 726]",Line 7,1,FALSE
728,100,Nanchen Road,121.394081532,31.323554777,"[729, 727]",Line 7,1,FALSE
729,101,Shangda Road,121.404049079,31.316758855,"[728, 730]",Line 7,1,FALSE
730,102,Changzhong Road,121.408605124,31.305631244,"[729, 731]",Line 7,1,FALSE
731,103,Dachang Town,121.411602017,31.29507342,"[730, 732]",Line 7,1,FALSE
732,104,Xingzhi Road,121.417174701,31.285986202,"[731, 733]",Line 7,1,FALSE
733,105,Dahua San Road,121.418482486,31.275723943,"[732, 734]",Line 7,1,FALSE
734,106,Xincun Road,121.417997974,31.26563162,"[733, 735]",Line 7,1,FALSE
735,107,Langao Road,121.417161444,31.257880611,"[2024, 734]",Line 7,1,FALSE
738,108,Changping Road,121.43788726,31.235646924,"[2050, 2020]",Line 7,1,FALSE
744,109,Houtan,121.469379488,31.174029921,"[745, 2045]",Line 7,1,FALSE
745,110,Changqing Road,121.481698094,31.17661023,"[744, 2016]",Line 13;Line 7,2,TRUE
747,111,Yuntai Road,121.496129096,31.18446681,"[2016, 2023]",Line 7,1,FALSE
749,112,South Yanggao Road,121.520047669,31.189639158,"[750, 2023]",Line 7,1,FALSE
750,113,Jinxiu Road,121.535752807,31.189635096,"[749, 751]",Line 7,1,FALSE
751,114,Fanghua Road,121.545954276,31.194881433,"[2052, 750]",Line 7,1,FALSE
753,115,Huamu Road,121.558661905,31.213026204,[2052],Line 7,1,FALSE
820,116,Shendu Highway,121.507905886,31.063523541,[821],Line 8,1,FALSE
821,117,Lianhang Road,121.506222033,31.075710319,"[820, 822]",Line 8,1,FALSE
822,118,Jiangyue Road,121.504236848,31.086342078,"[821, 823]",Line 8,1,FALSE
823,119,Pujiang Town,121.501874632,31.098688359,"[824, 822]",Line 8,1,FALSE
824,120,Luheng Road,121.493805184,31.120878108,"[825, 823]",Line 8,1,FALSE
825,121,Lingzhao Xincun,121.48489117,31.143021235,"[824, 2040]",Line 8,1,FALSE
827,122,Yangsi,121.488937814,31.162962578,"[2040, 828]",Line 8,1,FALSE
828,123,Chengshan Road,121.4918544,31.172546018,"[2016, 827]",Line 13;Line 8,2,TRUE
830,124,China Art Museum,121.489343642,31.18724117,"[2016, 2002]",Line 8,1,FALSE
834,125,Great World,121.474712385,31.229130521,"[2008, 2035]",Line 8,1,FALSE
837,126,Zhongxing Road,121.464500701,31.255223204,"[2021, 838]",Line 8,1,FALSE
838,127,North Xizang Road,121.464264315,31.265306644,"[2005, 837]",Line 8,1,FALSE
840,128,Quyang Road,121.486134081,31.278512493,"[2018, 2005]",Line 8,1,FALSE
842,129,Anshan Xincun,121.505160723,31.275299223,"[2018, 843]",Line 8,1,FALSE
843,130,Jiangpu Road,121.513485367,31.276923954,"[842, 844]",Line 8,1,FALSE
844,131,Huangxing Road,121.523979949,31.280810293,"[843, 845]",Line 8,1,FALSE
845,132,Middle Yanji Road,121.530621364,31.290009786,"[844, 846]",Line 8,1,FALSE
846,133,Huangxing Park,121.52862169,31.298126414,"[845, 847]",Line 8,1,FALSE
847,134,Xiangyin Road,121.527501152,31.307201218,"[848, 846]",Line 8,1,FALSE
848,135,Nenjiang Road,121.527373151,31.316802024,"[849, 847]",Line 8,1,FALSE
849,136,Shiguang Road,121.527610735,31.324729476,[848],Line 8,1,FALSE
918,137,South Songjiang Railway Station,121.226390216,30.987130812,[919],Line 9,1,FALSE
919,138,Zuibaichi,121.224717028,31.002760868,"[920, 918]",Line 9,1,FALSE
920,139,Songjiang Sports Center,121.226364779,31.018055817,"[921, 919]",Line 9,1,FALSE
921,140,Songjiang New City,121.226340383,31.032245093,"[920, 922]",Line 9,1,FALSE
922,141,Songjiang University Town,121.228252415,31.056164209,"[921, 923]",Line 9,1,FALSE
923,142,Dongjing,121.226085386,31.086565625,"[922, 924]",Line 9,1,FALSE
924,143,Sheshan,121.225311253,31.10625363,"[923, 925]",Line 9,1,FALSE
925,144,Sijing,121.2559243,31.120403035,"[924, 926]",Line 9,1,FALSE
926,145,Jiuting,121.315099332,31.139406939,"[925, 927]",Line 9,1,FALSE
927,146,Zhongchun Road,121.332241062,31.150968837,"[928, 926]",Line 9,1,FALSE
928,147,Qibao,121.345076273,31.157421516,"[929, 927]",Line 9,1,FALSE
929,148,Xingzhong Road,121.364298895,31.160014256,"[928, 930]",Line 9,1,FALSE
930,149,Hechuan Road,121.380123957,31.168432353,"[929, 931]",Line 9,1,FALSE
931,150,Caohejing Hi-Tech Park,121.393065079,31.172459594,"[930, 932]",Line 9,1,FALSE
932,151,Guilin Road,121.413652527,31.176699229,"[2051, 931]",Line 9,1,FALSE
937,152,Dapuqiao,121.464086845,31.208456707,"[2033, 2031]",Line 9,1,FALSE
940,153,Xiaonanmen,121.494041588,31.219075141,"[2036, 941]",Line 9,1,FALSE
941,154,Shangcheng Road,121.512034464,31.232726476,"[2010, 940]",Line 9,1,FALSE
943,155,Middle Yanggao Road,121.544387644,31.229674097,[2010],Line 9,1,FALSE
1018,156,Hangzhong Road,121.350339687,31.167316837,[1019],Line 10,1,FALSE
1019,157,Ziteng Road,121.360100502,31.171575037,"[1018, 1020]",Line 10,1,FALSE
1020,158,Longbai Xincun,121.365793331,31.179095825,"[1019, 1045]",Line 10,1,FALSE
1043,159,Hongqiao Terminal 1,121.342591804,31.193518019,"[1044, 2013]",Line 10,1,FALSE
1044,160,Shanghai Zoo,121.363529229,31.192230792,"[1043, 1045]",Line 10,1,FALSE
1045,161,Longxi Road,121.375244457,31.196193522,"[1044, 1046, 1020]",Line 10,1,FALSE
1046,162,Shuicheng Road,121.38734927,31.201321803,"[1045, 1047]",Line 10,1,FALSE
1047,163,Yili Road,121.39921421,31.201064069,"[1048, 1046]",Line 10,1,FALSE
1048,164,Songyuan Road,121.407543286,31.198348293,"[2044, 1047]",Line 10,1,FALSE
1051,165,Shanghai Library,121.441741894,31.211194198,"[2056, 2037]",Line 10,1,FALSE
1055,166,Yuyuan Garden,121.482864468,31.229964559,"[2008, 2019]",Line 10,1,FALSE
1058,167,North Sichuan Road,121.479642061,31.253898054,"[2026, 2047]",Line 10,1,FALSE
1060,168,Youdian Xincun,121.489789828,31.270427704,"[2018, 2047]",Line 10,1,FALSE
1062,169,Tongji University,121.501792382,31.283944779,"[2018, 1063]",Line 10,1,FALSE
1063,170,Guoquan Road,121.50566807,31.291328446,"[1064, 1062]",Line 10,1,FALSE
1064,171,Wujiaochang,121.510067542,31.2997292,"[1065, 1063]",Line 10,1,FALSE
1065,172,Jiangwan Stadium,121.509729601,31.305442827,"[1064, 1066]",Line 10,1,FALSE
1066,173,Sanmen Road,121.50401182,31.315050515,"[1065, 1067]",Line 10,1,FALSE
1067,174,East Yingao Road,121.502525459,31.323799384,"[1066, 1068]",Line 10,1,FALSE
1068,175,New Jiangwan City,121.502697658,31.33112066,[1067],Line 10,1,FALSE
1114,176,Huaqiao,121.099702972,31.300398755,[1115],Line 11,1,FALSE
1115,177,Guangming Road,121.112634001,31.298066751,"[1114, 1116]",Line 11,1,FALSE
1116,178,Zhaofeng Road,121.145740322,31.290849897,"[1115, 1117]",Line 11,1,FALSE
1117,179,Anting,121.157449346,31.29037688,"[1116, 1118]",Line 11,1,FALSE
1118,180,Shanghai Automobile City,121.176250907,31.28729941,"[1117, 1119]",Line 11,1,FALSE
1119,181,East Changji Road,121.195922139,31.295550108,"[1120, 1118]",Line 11,1,FALSE
1120,182,Shanghai Circuit,121.221647938,31.33387003,"[1119, 1134]",Line 11,1,FALSE
1131,183,North Jiading,121.232947442,31.393474009,[1132],Line 11,1,FALSE
1132,184,West Jiading,121.223424041,31.379042743,"[1131, 1133]",Line 11,1,FALSE
1133,185,Baiyin Road,121.240967331,31.347225544,"[1132, 1134]",Line 11,1,FALSE
1134,186,Jiading New City,121.249887524,31.332106143,"[1133, 1135, 1120]",Line 11,1,FALSE
1135,187,Malu,121.272439838,31.321597357,"[1134, 1137]",Line 11,1,FALSE
1137,188,Nanxiang,121.318651748,31.298837137,"[1138, 1135]",Line 11,1,FALSE
1138,189,Taopu Xincun,121.345054448,31.283439299,"[1137, 1139]",Line 11,1,FALSE
1139,190,Wuwei Road,121.360455468,31.278154062,"[1138, 1140]",Line 11,1,FALSE
1140,191,Qilianshan Road,121.371234343,31.273492779,"[1139, 1141]",Line 11,1,FALSE
1141,192,Liziyuan,121.385192546,31.270865609,"[1140, 1142]",Line 11,1,FALSE
1142,193,Shanghai West Railway Station,121.396085821,31.264540771,"[1141, 1143]",Line 11,1,FALSE
1143,194,Zhenru,121.402592639,31.252631342,"[1144, 1142]",Line 11,1,FALSE
1144,195,Fengqiao Road,121.406511864,31.243749563,"[2055, 1143]",Line 11,1,FALSE
1150,196,Shanghai Swimming Center,121.436739009,31.181366331,"[2025, 2012]",Line 11,1,FALSE
1152,197,Yunjin Road,121.453824439,31.169478023,"[1153, 2012]",Line 11,1,FALSE
1153,198,Longyao Road,121.455131976,31.161590898,"[1152, 2040]",Line 11,1,FALSE
1155,199,Sanlin,121.507435391,31.14525371,"[2040, 1156]",Line 11,1,FALSE
1156,200,East Sanlin,121.518661386,31.148597133,"[1155, 1157]",Line 11,1,FALSE
1157,201,Pusan Road,121.534488832,31.153109847,[1156],Line 11,1,FALSE
1159,202,Yuqiao,121.566686634,31.160429607,[2042],Line 11,1,FALSE
1161,203,Xiuyan Road,121.594253458,31.140388537,"[2042, 1162]",Line 11,1,FALSE
1162,204,Kangxin Highway,121.613030242,31.132655073,"[1161, 1163]",Line 11,1,FALSE
1163,205,Disney Resort,121.663732891,31.143438744,[1162],Line 11,1,FALSE
1220,206,Qixin Road,121.35721193,31.132914547,[1221],Line 12,1,FALSE
1221,207,Hongxin Road,121.375669938,31.139418878,"[1220, 1222]",Line 12,1,FALSE
1222,208,Gudai Road,121.387239321,31.142693849,"[1221, 1223]",Line 12,1,FALSE
1223,209,Donglan Road,121.387228456,31.15770063,"[1224, 1222]",Line 12,1,FALSE
1224,210,Hongmei Road,121.392662297,31.162296375,"[1225, 1223]",Line 12,1,FALSE
1225,211,Hongcao Road,121.40572841,31.166154493,"[1224, 1226]",Line 12,1,FALSE
1226,212,Guilin Park,121.415287723,31.169028586,"[1225, 2038]",Line 12,1,FALSE
1238,213,International Cruise Terminal,121.494592057,31.252401124,"[2026, 1239]",Line 12,1,FALSE
1239,214,Tilanqiao,121.502585748,31.255518759,"[2032, 1238]",Line 12,1,FALSE
1241,215,Jiangpu Park,121.519166426,31.266534411,"[2032, 1242]",Line 12,1,FALSE
1242,216,Ningguo Road,121.527936109,31.270559692,"[1241, 1243]",Line 12,1,FALSE
1243,217,Longchang Road,121.540707808,31.277458786,"[1242, 1244]",Line 12,1,FALSE
1244,218,Aiguo Road,121.548415693,31.281994036,"[1243, 1245]",Line 12,1,FALSE
1245,219,Fuxing Island,121.557010351,31.282961224,"[1244, 1246]",Line 12,1,FALSE
1246,220,Donglu Road,121.57507366,31.284688952,"[2004, 1245]",Line 12,1,FALSE
1248,221,North Yanggao Road,121.598573379,31.282251196,"[1249, 2004]",Line 12,1,FALSE
1249,222,Jinjing Road,121.610593785,31.281820276,"[1248, 1250]",Line 12,1,FALSE
1250,223,Shenjiang Road,121.622624106,31.282334324,"[1249, 2022]",Line 12,1,FALSE
1321,224,Jinyun Road,121.314864878,31.242815574,[1322],Line 13,1,FALSE
1322,225,West Jinshajiang Road,121.330754923,31.243072825,"[1321, 1323]",Line 13,1,FALSE
1323,226,Fengzhuang,121.350698505,31.244292623,"[1322, 1324]",Line 13,1,FALSE
1324,227,South Qilianshan Road,121.362869603,31.239405116,"[1323, 1325]",Line 13,1,FALSE
1325,228,Zhenbei Road,121.377228761,31.234191683,"[1324, 1326]",Line 13,1,FALSE
1326,229,Daduhe Road,121.389819686,31.233673981,"[2009, 1325]",Line 13,1,FALSE
1329,230,Wuning Road,121.425915093,31.236185753,"[2057, 2020]",Line 13,1,FALSE
1331,231,Jiangning Road,121.440163596,31.246266848,"[2020, 2039]",Line 13,1,FALSE
1333,232,Shanghai Natural History Museum,121.457823884,31.238327541,"[2041, 2039]",Line 13,1,FALSE
1338,233,World Expo Museum,121.477251581,31.199280653,"[1339, 2031]",Line 13,1,FALSE
1339,234,Expo Avenue,121.479708201,31.18501371,[1338],Line 13,1,FALSE
1622,235,Middle Huaxia Road,121.578857186,31.178233461,"[2042, 2052]",Line 13;Line 16,2,TRUE
1624,236,East Zhoupu,121.602754092,31.112309544,"[1625, 2042]",Line 16,1,FALSE
1625,237,Hesha Hangcheng,121.607093362,31.079974585,"[1624, 1626]",Line 16,1,FALSE
1626,238,Hangtou East,121.613286958,31.05724005,"[1625, 1627]",Line 16,1,FALSE
1627,239,Xinchang,121.644868866,31.04780769,"[1626, 1628]",Line 16,1,FALSE
1628,240,Shanghai Wild Animal Park,121.695438606,31.052487249,"[1627, 1629]",Line 16,1,FALSE
1629,241,Huinan,121.757556095,31.055964545,"[1628, 1630]",Line 16,1,FALSE
1630,242,Huinan East,121.789523971,31.02841678,"[1629, 1631]",Line 16,1,FALSE
1631,243,Shuyuan,121.846216134,30.961601584,"[1632, 1630]",Line 16,1,FALSE
1632,244,Lingang Avenue,121.90670309,30.925884482,"[1633, 1631]",Line 16,1,FALSE
1633,245,Dishui Lake,121.925777167,30.909305386,[1632],Line 16,1,FALSE
2001,246,Zhongtan Road,121.436350839,31.256450861,"[2024, 2034]",Line 3;Line 4,2,TRUE
2002,247,South Xizang Road,121.485172565,31.203927157,"[2036, 421, 830, 423]",Line 4;Line 8,2,TRUE
2003,248,Zhaojiabang Road,121.445871009,31.200675112,"[2017, 2033, 2025, 2006]",Line 7;Line 9,2,TRUE
2004,249,Jufeng Road,121.584260909,31.282831741,"[640, 642, 1248, 1246]",Line 12;Line 6,2,TRUE
2005,250,Hongkou Football Stadium,121.47470204,31.273254588,"[840, 325, 838, 327]",Line 3;Line 8,2,TRUE
2006,251,Dong'an Road,121.4499314,31.19256869,"[426, 2003, 2045, 2007]",Line 4;Line 7,2,TRUE
2007,252,Damuqiao Road,121.458937996,31.195957765,"[2033, 2045, 2006, 423]",Line 12;Line 4,2,TRUE
2008,253,Laoximen,121.478279894,31.221015196,"[834, 2036, 2053, 1055]",Line 10;Line 8,2,TRUE
2009,254,Jinshajiang Road,121.408591207,31.234008201,"[2057, 2043, 1326, 2055]",Line 13;Line 3;Line 4,3,TRUE
2010,255,Century Avenue,121.522955917,31.230803895,"[416, 2049, 941, 943, 248, 633, 250]",Line 2;Line 4;Line 6;Line 9,4,TRUE
2011,256,Xinzhuang,121.380839538,31.112983939,"[112, 502]",Line 1;Line 5,2,TRUE
2012,257,Longhua,121.448485485,31.17485915,"[1152, 2048, 2045, 1150]",Line 11;Line 12,2,TRUE
2013,258,Hongqiao Terminal 2,121.321717626,31.196484051,"[1043, 237, 2014]",Line 10;Line 2,2,TRUE
2014,259,Hongqiao Railway Station,121.313063017,31.196155828,"[234, 2013]",Line 10;Line 2,2,TRUE
2015,260,Lancun Road,121.524302062,31.213714866,"[2049, 420, 629]",Line 4;Line 6,2,TRUE
2016,261,Yaohua Road,121.490091266,31.180529911,"[745, 747, 828, 830]",Line 7;Line 8,2,TRUE
2017,262,Changshu Road,121.446512851,31.215311025,"[2056, 2050, 2003, 119]",Line 1;Line 7,2,TRUE
2018,263,Siping Road,121.497061344,31.276968216,"[840, 842, 1060, 1062]",Line 10;Line 8,2,TRUE
2019,264,East Nanjing Road,121.478953029,31.239024894,"[2026, 2035, 1055, 247]",Line 10;Line 2,2,TRUE
2020,265,Changshou Road,121.433696872,31.241718375,"[2024, 1329, 738, 1331]",Line 13;Line 7,2,TRUE
2021,266,Qufu Road,121.467113891,31.244662253,"[2026, 2035, 837, 2039]",Line 12;Line 8,2,TRUE
2022,267,Jinhai Road,121.634358453,31.266432375,[1250],Line 12;Line 9,2,TRUE
2023,268,West Gaoke Road,121.505517848,31.187777365,"[626, 747, 628, 749]",Line 6;Line 7,2,TRUE
2024,269,Zhenping Road,121.425155934,31.248182892,"[2001, 735, 2020, 2055]",Line 3;Line 4;Line 7,3,TRUE
2025,270,Xujiahui,121.433617821,31.193882267,"[2051, 2029, 2003, 2037, 119, 1150]",Line 1;Line 11;Line 9,3,TRUE
2026,271,Tiantong Road,121.47772089,31.246365172,"[1058, 2019, 2021, 1238]",Line 10;Line 12,2,TRUE
2027,272,Shanghai South Railway Station,121.425368538,31.15649931,"[312, 114, 2038]",Line 1;Line 3,2,TRUE
2028,273,South Huangpi Road,121.468716902,31.224666072,"[2056, 2041, 2035, 2053]",Line 1,1,FALSE
2029,274,Shanghai Indoor Stadium,121.431603228,31.183782631,"[2025, 2051, 2038]",Line 1;Line 4,2,TRUE
2030,275,Baoshan Road,121.471816719,31.253456818,"[2034, 325, 2047]",Line 3;Line 4,2,TRUE
2031,276,Madang Road,121.472724523,31.211562334,"[937, 1338, 2036, 2053]",Line 13;Line 9,2,TRUE
2032,277,Dalian Road,121.508367336,31.26024083,"[1241, 1239, 413, 415]",Line 12;Line 4,2,TRUE
2033,278,Jiashan Road,121.456454874,31.204614556,"[2056, 937, 2003, 2007]",Line 12;Line 9,2,TRUE
2034,279,Shanghai Railway Station,121.451257271,31.249149419,"[2001, 127, 2030, 2039]",Line 1;Line 3;Line 4,3,TRUE
2035,280,People's Square,121.470457083,31.234865971,"[834, 2019, 2021, 2028, 2041, 124]",Line 1;Line 2;Line 8,3,TRUE
2036,281,Lujiabang Road,121.481629339,31.213855096,"[2008, 2002, 940, 2031]",Line 8;Line 9,2,TRUE
2037,282,Jiaotong University,121.429716393,31.203733942,"[2025, 1051, 2044, 2054]",Line 10;Line 11,2,TRUE
2038,283,Caobao Road,121.430310384,31.170171562,"[2048, 1226, 2027, 2029]",Line 1;Line 12,2,TRUE
2039,284,Hanzhong Road,121.454089429,31.24375272,"[2021, 2034, 1331, 1333, 2041, 124]",Line 1;Line 12;Line 13,3,TRUE
2040,285,Oriental Sports Center,121.476423914,31.15531154,"[1153, 1155, 622, 825, 827]",Line 11;Line 6;Line 8,3,TRUE
2041,286,West Nanjing Road,121.455627903,31.231607822,"[2050, 2056, 2028, 2035, 1333, 2039]",Line 12;Line 13;Line 2,3,TRUE
2042,287,Luoshan Road,121.588971931,31.155506111,"[1624, 1161, 1622, 1159]",Line 11;Line 16,2,TRUE
2043,288,Zhongshan Park,121.412622045,31.220078902,"[240, 2046, 2009, 2054]",Line 2;Line 3;Line 4,3,TRUE
2044,289,Hongqiao Road,121.416178272,31.199283289,"[1048, 2051, 2037, 2046]",Line 10;Line 3;Line 4,3,TRUE
2045,290,Longhua Middle Road,121.452651529,31.186257229,"[744, 2012, 2006, 2007]",Line 12;Line 7,2,TRUE
2046,291,West Yan'an Road,121.412433163,31.21145601,"[2043, 2044]",Line 3;Line 4,2,TRUE
2047,292,Hailun Road,121.485286062,31.260924792,"[1058, 1060, 413, 2030]",Line 10;Line 4,2,TRUE
2048,293,Longcao Road,121.439715575,31.171622034,"[312, 314, 2012, 2038]",Line 12;Line 3,2,TRUE
2049,294,Pudian Road,121.527848943,31.224457288,"[2010, 2015]",Line 6,1,FALSE
2050,295,Jing'an Temple,121.441840398,31.225058466,"[2041, 738, 2017, 2054]",Line 2;Line 7,2,TRUE
2051,296,Yishan Road,121.422615594,31.188486856,"[932, 2025, 2029, 314, 2044]",Line 3;Line 4;Line 9,3,TRUE
2052,297,Longyang Road,121.552971357,31.205156342,"[751, 753, 1622, 251, 253]",Line 16;Line 2;Line 7,3,TRUE
2053,298,Xintiandi,121.470561773,31.218292459,"[2056, 2031, 2028, 2008]",Line 10;Line 13,2,TRUE
2054,299,Jiangsu Road,121.427966595,31.221768963,"[2057, 2050, 2043, 2037]",Line 11;Line 2,2,TRUE
2055,300,Caoyang Road,121.413156251,31.241192686,"[2024, 2009, 1144, 2057]",Line 11;Line 3;Line 4,3,TRUE
2056,301,South Shaanxi Road,121.455464091,31.21914496,"[2017, 2053, 2028, 2033, 2041, 1051]",Line 1;Line 10;Line 12,3,TRUE
2057,302,Longde Road,121.418836726,31.232586009,"[2009, 1329, 2054, 2055]",Line 11;Line 13,2,TRUE
