startTime,endTime,time_pos
60000,61000,1
61000,62000,2
62000,63000,3
63000,64000,4
64000,65000,5
65000,70000,6
70000,71000,7
71000,72000,8
72000,73000,9
73000,74000,10
74000,75000,11
75000,80000,12
80000,81000,13
81000,82000,14
82000,83000,15
83000,84000,16
84000,85000,17
85000,90000,18
90000,91000,19
91000,92000,20
92000,93000,21
93000,94000,22
94000,95000,23
95000,100000,24
100000,101000,25
101000,102000,26
102000,103000,27
103000,104000,28
104000,105000,29
105000,110000,30
110000,111000,31
111000,112000,32
112000,113000,33
113000,114000,34
114000,115000,35
115000,120000,36
120000,121000,37
121000,122000,38
122000,123000,39
123000,124000,40
124000,125000,41
125000,130000,42
130000,131000,43
131000,132000,44
132000,133000,45
133000,134000,46
134000,135000,47
135000,140000,48
140000,141000,49
141000,142000,50
142000,143000,51
143000,144000,52
144000,145000,53
145000,150000,54
150000,151000,55
151000,152000,56
152000,153000,57
153000,154000,58
154000,155000,59
155000,160000,60
160000,161000,61
161000,162000,62
162000,163000,63
163000,164000,64
164000,165000,65
165000,170000,66
170000,171000,67
171000,172000,68
172000,173000,69
173000,174000,70
174000,175000,71
175000,180000,72
180000,181000,73
181000,182000,74
182000,183000,75
183000,184000,76
184000,185000,77
185000,190000,78
190000,191000,79
191000,192000,80
192000,193000,81
193000,194000,82
194000,195000,83
195000,200000,84
200000,201000,85
201000,202000,86
202000,203000,87
203000,204000,88
204000,205000,89
205000,210000,90
210000,211000,91
211000,212000,92
212000,213000,93
213000,214000,94
214000,215000,95
215000,220000,96
220000,221000,97
221000,222000,98
222000,223000,99
223000,224000,100
224000,225000,101
225000,230000,102
